id,latitude,longitude,stop_weight
1734,40.84916900104506,-73.86835600032798,2
1735,40.84912800131844,-73.86821300022677,2
1736,40.84122300105249,-73.87349900050798,2
1737,40.84145300067447,-73.8728919997833,2
1738,40.84081500075867,-73.87962300013866,2
1739,40.840434000875874,-73.88000500027815,2
1740,40.84035400111976,-73.87983300021861,2
1741,40.84063900116436,-73.8795549998336,2
1742,40.84107800066419,-73.87939700013239,2
1743,40.83732500129732,-73.88804799985908,2
1744,40.83759900080287,-73.88775499967073,2
1745,40.82990300129103,-73.8920200000541,2
1746,40.83036900118696,-73.89201499957316,2
1747,40.824356000986995,-73.8928969996593,2
1748,40.82417700086825,-73.89311400018327,2
1749,40.82435800046701,-73.89272399968436,2
1750,40.82240000099551,-73.89650800005289,2
1751,40.822447000685614,-73.89671899954544,2
1752,40.82209500126821,-73.89668100059053,2
1753,40.81958300055107,-73.90195799960925,2
1754,40.81988700097359,-73.90166599969895,2
1755,40.816201000889976,-73.90794199971145,2
1756,40.81634900118909,-73.90783599990867,2
1757,40.816589001345,-73.90789300002874,2
1758,40.81687300084191,-73.90737899951296,2
1759,40.816247000954746,-73.91779800052478,2
1760,40.816315000918856,-73.91754299959281,2
1761,40.81624200101981,-73.91793400026026,2
1762,40.816265000695616,-73.91745600003321,2
1763,40.82406900082459,-73.93698100017718,1
1764,40.820343000629556,-73.9365079998309,1
1765,40.82066200082306,-73.93627500051028,1
1766,40.81402400066214,-73.94111700020044,2
1767,40.81431600078061,-73.94090999997408,2
1768,40.80768100084603,-73.94575199990311,2
1769,40.807995000617474,-73.94552399978897,2
1770,40.80194500059596,-73.94994299962482,2
1771,40.802229000880594,-73.9497339996279,2
1772,40.79849700071488,-73.95267200045232,2
1773,40.75954200052247,-73.82988499974958,1
1774,40.75970600083494,-73.82994300022399,1
1775,40.75945100062502,-73.82992700036094,1
1776,40.75958700091248,-73.83040800033365,1
1777,40.75940400122518,-73.83033299958196,1
1778,40.754777000898834,-73.84573700003628,1
1779,40.754394001173765,-73.84583200008146,1
1780,40.75465700078071,-73.846014000518,1
1781,40.75476800051026,-73.84559800035487,1
1782,40.75161000050445,-73.85606500055066,1
1783,40.7514230005298,-73.85599600026607,1
1784,40.751551000801946,-73.85562800021326,1
1785,40.74978700120902,-73.8623889994136,1
1786,40.74997300072977,-73.86242500039948,1
1787,40.749775001274365,-73.86253700028536,1
1788,40.74996400053782,-73.86254600024824,1
1789,40.749263000986595,-73.86937600053827,1
1790,40.74909500084612,-73.8691200004944,1
1791,40.74926600095647,-73.86921999985785,1
1792,40.7490280012045,-73.86957400050606,1
1793,40.7492130007807,-73.86969600002895,1
1794,40.748318000803934,-73.87643200054285,1
1795,40.74859000125293,-73.87646099976699,1
1796,40.748582000928245,-73.87659099944513,1
1797,40.74781200071324,-73.88387600017465,1
1798,40.74745300056411,-73.88397300018983,1
1799,40.747797001025944,-73.88402800010363,1
1800,40.746509000982186,-73.89626799980942,1
1801,40.74614800114902,-73.89639599982912,1
1802,40.745531000834546,-73.90324800020599,1
1803,40.74571700080551,-73.9030630001761,1
1804,40.74569200063943,-73.90323399968668,1
1805,40.74393300069892,-73.91300299979955,1
1806,40.74406700117441,-73.91308000030901,1
1807,40.74445300048593,-73.91128200023064,1
1808,40.74459000117725,-73.91129400006578,1
1809,40.743064000975544,-73.9186010004369,1
1810,40.74321700071532,-73.91856399986699,1
1811,40.74310500067605,-73.91884800020249,1
1812,40.743240000765105,-73.91881300055115,1
1813,40.74371000112609,-73.92416100027046,1
1814,40.74388200082643,-73.92411200014045,1
1815,40.74374300100013,-73.92441700024656,1
1816,40.74391100111205,-73.92438500038787,1
1817,40.74456800061942,-73.93157000009163,1
1818,40.744724000461275,-73.93153300052721,1
1819,40.74459400056049,-73.93182900025066,1
1820,40.74476300048575,-73.9317939996055,1
1821,40.7508350011798,-73.9396710002236,3
1822,40.750302000858184,-73.940244999736,3
1823,40.746308001163634,-73.94571300016653,4
1824,40.74613000057653,-73.94534899958121,4
1825,40.74623200075596,-73.94532200035314,4
1826,40.742500001189924,-73.94860899952165,1
1827,40.74240500087813,-73.94810999980871,1
1828,40.742422001095164,-73.9481950003783,1
1829,40.74275900114013,-73.9538929998818,1
1830,40.74280300130392,-73.95395500036102,1
1831,40.753409001192345,-73.98112999996737,5
1832,40.702033000801315,-74.01314899949054,2
1833,40.702033000801315,-74.01314899949054,2
1834,40.701961000593066,-74.01339699956122,2
1835,40.701961000593066,-74.01339699956122,2
1836,40.76209200118288,-73.9663399998183,6
1837,40.76235300051639,-73.96615499958986,6
1838,40.76199600064206,-73.96610500024993,6
1839,40.76225500079114,-73.96591800006873,6
1840,40.76459900091597,-73.97422800020375,3
1841,40.764935001318285,-73.9741909995507,3
1842,40.76485900130548,-73.97399800052692,3
1843,40.76425800051672,-73.98127799942094,3
1844,40.76405700096569,-73.98080300054961,3
1845,40.76437700115304,-73.98116699968199,3
1846,40.76417900101943,-73.98068299949864,3
1847,40.76045400110487,-73.98338800031021,3
1848,40.75903000051641,-73.98441200013421,3
1849,40.759513000523555,-73.9848840002975,3
1850,40.7593840008346,-73.98470900013602,3
1851,40.760297001282645,-73.983566999586,3
1852,40.75417200053055,-73.98668000023042,11
1853,40.754335000754985,-73.98709699980543,11
1854,40.75430100123342,-73.98662299991872,11
1855,40.754507001220134,-73.98710799954023,11
1856,40.74959000083694,-73.9876200005048,7
1857,40.74989100127905,-73.98749500039362,7
1858,40.74829400133664,-73.98797600009624,7
1859,40.74847700103222,-73.98828799998653,7
1860,40.745281001027514,-73.98892300054607,2
1861,40.74548800070196,-73.98901000023109,2
1862,40.740643000678176,-73.98921700007142,2
1863,40.74120800048306,-73.98963900052017,2
1864,40.7419130008876,-73.98942800017326,2
1865,40.74075800113276,-73.9896320000055,2
1866,40.736339000909425,-73.99060299993691,7
1867,40.7365230005194,-73.99044699972468,7
1868,40.72967800077502,-73.99305100039543,2
1869,40.73064200093977,-73.99273699962603,2
1870,40.73059200087505,-73.99261999986997,2
1871,40.73071600054057,-73.99251700000923,2
1872,40.730773000808504,-73.99264099990762,2
1873,40.724260000652734,-73.99795699956412,2
1874,40.72434400046753,-73.99787499970364,2
1875,40.71958500129559,-74.0019299996069,6
1876,40.71966000052618,-74.00201900001107,6
1877,40.71940800114969,-74.00215800047437,6
1878,40.719460000499545,-74.00223600009556,6
1,40.6088350009905,-73.95776900005806,2
2,40.59899100093364,-73.95582799955477,2
3,40.595020000759654,-73.9551200002249,2
4,40.58730200083184,-73.954223999936,2
5,40.57798600098538,-73.96025800029547,2
6,40.577931001322625,-73.96052400057089,2
7,40.577746001029006,-73.96023100018317,2
8,40.577697001130275,-73.96043800015305,2
9,40.57642300107101,-73.96789400057325,1
10,40.576445000451336,-73.96759099960158,1
11,40.576209000557355,-73.96787500037775,1
12,40.57623400093167,-73.96756100003365,1
13,40.575499000848396,-73.97687299966972,2
14,40.57592900101308,-73.97674700022307,2
15,40.57690000134535,-73.98084599950501,4
16,40.64633700121817,-73.99448899987257,1
17,40.64018500077808,-73.99442299985472,1
18,40.64018000098069,-73.99422000043182,1
19,40.64136000117219,-73.9944109994909,1
20,40.64137900096152,-73.9941880002461,1
21,40.63613300097741,-73.99491500048453,1
22,40.63613900052338,-73.9947020002238,1
23,40.63641500047355,-73.9948789997417,1
24,40.63640500075824,-73.99467300018873,1
25,40.63138900082608,-73.99526200010341,1
26,40.63153800051997,-73.9956429999148,1
27,40.63170900124219,-73.99528300054382,1
28,40.61883400119433,-73.99919500003303,1
29,40.619133001338305,-73.99923999991759,1
30,40.61877000052378,-73.99899500042902,1
31,40.6188890009745,-73.99883200058711,1
32,40.61285500054176,-74.0008919994665,1
33,40.61284700061145,-74.00072099959921,1
34,40.60760200112182,-74.001491000569,1
35,40.60772300097482,-74.00189400049318,1
36,40.607897001127455,-74.00162800005522,1
37,40.60443900088166,-73.99816400038932,1
38,40.60458700083699,-73.9980069998917,1
39,40.6046310005965,-73.99849799968783,1
40,40.60478900051507,-73.99834900054789,1
41,40.601726001220165,-73.99369600038919,1
42,40.60189800117387,-73.99353800042097,1
43,40.60199300109585,-73.99413000010537,1
44,40.60215000128454,-73.99394800015628,1
45,40.597889001091715,-73.9869580004091,1
46,40.59810000066808,-73.9872790005634,1
47,40.59775100078925,-73.98711199986317,1
48,40.59795200062024,-73.98744200051077,1
49,40.5880220010568,-73.98373500008773,1
50,40.58806600105337,-73.9834979996632,1
51,40.588305001122556,-73.98379099979309,1
52,40.58834800097843,-73.98354300013526,1
53,40.634552000604174,-74.01072599969021,1
54,40.63217900062705,-74.00665799960328,1
55,40.62560600131959,-73.99682999968425,2
56,40.620062000905534,-73.98940999985166,1
57,40.617341001073875,-73.98484000011217,1
58,40.61298900111904,-73.98208399986588,1
59,40.60510700076654,-73.98057800010078,1
60,40.59645900059184,-73.97894299952885,1
61,40.59272400119584,-73.97822700039235,1
62,40.70025400130229,-73.82933199999007,2
63,40.70052000103535,-73.82923100020398,2
64,40.696771000936984,-73.83704200031487,1
65,40.69705500070232,-73.83715599995726,1
66,40.69503300049355,-73.84329800036508,2
67,40.69526700049504,-73.8432230004546,2
68,40.69345100050823,-73.85255599957513,2
69,40.69356300102105,-73.85260800014532,2
70,40.69238100119143,-73.85897499964982,1
71,40.69266600067277,-73.85909799998258,1
72,40.691285000919926,-73.86642500006252,2
73,40.69147900073444,-73.86661000037445,2
74,40.690142000989724,-73.87163000026061,1
75,40.68947000062051,-73.87344900014045,1
76,40.689596000921384,-73.87355499976613,1
77,40.68347800076632,-73.8725480005001,2
78,40.68358800131416,-73.87259999991767,2
79,40.68175700074933,-73.87900700042076,2
80,40.68164300107813,-73.8789840000952,2
81,40.679656001316204,-73.88573099972542,1
82,40.6795300007475,-73.88571600056578,1
83,40.67784700081332,-73.89171100013446,2
84,40.6778640010583,-73.89156599958824,2
85,40.676755001150994,-73.89983400030188,1
86,40.676803000654886,-73.89951000022218,1
87,40.68331300061073,-73.91133399968001,2
88,40.68341700123608,-73.91124200031585,2
89,40.68584700080485,-73.91580700053865,1
90,40.68594600114954,-73.91571299993404,1
91,40.69003000093132,-73.92316100003609,2
92,40.69014200099831,-73.9230620005719,2
93,40.69293000085254,-73.92825699993675,1
94,40.69292900134402,-73.92793999986904,1
95,40.696893001205396,-73.93546099976311,3
96,40.69698700120347,-73.93555900013396,3
97,40.70062900108737,-73.94199499953496,2
98,40.70072000120875,-73.94167200037049,2
99,40.700634001147975,-73.94217300005141,2
100,40.7008470007834,-73.94170999997885,2
101,40.704279000920536,-73.94832399943942,2
102,40.704396001346986,-73.94822299970957,2
103,40.70711700077497,-73.95436999956549,2
104,40.707248000525176,-73.95432599948872,2
105,40.70856500125251,-73.95789299953161,3
106,40.70840900113537,-73.95768900053834,3
107,40.7085290004772,-73.95804799973861,3
108,40.718410001156236,-73.9871809998949,4
109,40.718551001133584,-73.98765000027731,4
110,40.71997700124279,-73.99357600025895,2
111,40.72029100055331,-73.9934109994752,2
112,40.71208200050858,-73.88954000033932,1
113,40.70595500075515,-73.89623200021862,1
114,40.70611500110734,-73.89555899945998,1
115,40.70472900065514,-73.9022430000838,1
116,40.70444300124261,-73.90238900043751,1
117,40.7027800005958,-73.90751499974346,1
118,40.70283500071398,-73.90789399983775,1
119,40.69871700063333,-73.91865500019517,1
120,40.6989130007839,-73.91877099960458,1
121,40.69803300067644,-73.92637100008922,1
122,40.697876001059875,-73.92652499982937,1
123,40.739550001066604,-74.00238899971183,4
124,40.73973400046957,-74.00280399953128,4
125,40.73296100058313,-73.98665699977253,1
126,40.7331340005307,-73.98704099981326,1
127,40.731397001089974,-73.98211199956941,1
128,40.73148300115578,-73.98214500027808,1
129,40.71771400067521,-73.95769499981996,1
130,40.717821001175004,-73.95756800032262,1
131,40.71466100106637,-73.94428699951894,1
132,40.714613000884,-73.94457000057422,1
133,40.71191200130368,-73.94043299957767,1
134,40.71218200127148,-73.94066799998177,1
135,40.7077230006109,-73.94004399943948,1
136,40.70781900048571,-73.93974899951226,1
137,40.70631700076304,-73.93169600055865,1
138,40.706210000733776,-73.93196000048461,1
139,40.70594300064172,-73.92203599997379,1
140,40.70622800103714,-73.92190999960397,1
141,40.7060820011396,-73.92230000056091,1
142,40.706320001275316,-73.92206200054775,1
143,40.70415300094857,-73.91927300030697,1
144,40.704379000941465,-73.91902600014936,1
145,40.70432600123379,-73.91945199951506,1
146,40.70448000083975,-73.9191840002381,1
147,40.69609400045734,-73.9044300000085,1
148,40.69606900080405,-73.90466499951953,1
149,40.762937001104106,-73.98157800036606,3
150,40.762793001305745,-73.98168999986704,3
151,40.70235300071414,-73.799784000399,3
152,40.701855000946445,-73.80174000007797,3
153,40.70282100056658,-73.79984299959095,3
154,40.70231100131282,-73.79999099958937,3
155,40.70188600094776,-73.8017540004326,3
156,40.702674000565295,-73.79978600041868,3
157,40.702324000832135,-73.80001000044307,3
158,40.700401000758944,-73.80797600010499,3
159,40.70081000060715,-73.80792299994022,3
160,40.70055400074703,-73.80735299967046,3
161,40.70087200047265,-73.80767300014476,3
162,40.7012630005995,-73.81637200045567,1
163,40.702731001146795,-73.81726999980881,1
164,40.70124100102852,-73.81657699964936,1
165,40.74621400113022,-73.94511500032408,1
166,40.74462500079915,-73.94911699949725,1
167,40.74477100068718,-73.94865800040836,1
168,40.74455200049062,-73.94842500006718,1
169,40.73007000134703,-73.95437699986623,1
170,40.7301220004672,-73.95404899990837,1
171,40.730278000623315,-73.95448800017715,1
172,40.72365000111555,-73.95092899956587,1
173,40.72376500117912,-73.9505660005446,1
174,40.72378000089501,-73.95098500005642,1
175,40.723894001089846,-73.95066500048242,1
176,40.71414000090997,-73.95135000052636,2
177,40.71392700124403,-73.95173699967242,2
178,40.7051140011964,-73.95006200045962,1
179,40.70549000069345,-73.95055400007777,1
180,40.70549500046039,-73.9500889999115,1
181,40.70520400100888,-73.95031999979358,1
182,40.69958200052498,-73.95016400039005,1
183,40.69543600112017,-73.94948000029783,1
184,40.68999500055366,-73.95161600010411,1
185,40.68975700129054,-73.95161200023976,1
186,40.68894200054612,-73.96021500021762,1
187,40.68878100077371,-73.95987100016234,1
188,40.68875300114247,-73.96018999989462,1
189,40.68811400117377,-73.96757500050515,1
190,40.68811400117377,-73.96757500050515,1
191,40.68787500108729,-73.96793100031711,1
192,40.68787500108729,-73.96793100031711,1
193,40.68846000057322,-73.96574899975677,1
194,40.68846000057322,-73.96574899975677,1
195,40.68815700090346,-73.965578999989,1
196,40.68815700090346,-73.965578999989,1
197,40.68715900067602,-73.97628999951374,1
198,40.68716000111625,-73.97686500042563,1
199,40.889783000890915,-73.89843200045328,1
200,40.889683001346754,-73.89792499951669,1
201,40.89013600109805,-73.89825699978446,1
202,40.88994600102675,-73.89779799986037,1
203,40.88481300063471,-73.90092299968606,1
204,40.878775000952515,-73.90502400016787,1
205,40.87916800087231,-73.9047509996186,1
206,40.874437000660414,-73.9105289996505,1
207,40.86941200089763,-73.91545500000119,1
208,40.86979300113744,-73.91516999982605,1
209,40.86474500120516,-73.91886400044963,1
210,40.86428300127663,-73.91922200035864,1
211,40.86118300120977,-73.92511000049237,1
212,40.861187001123554,-73.92507800016078,1
213,40.54023838312863,-74.17870202747334,1
214,40.63631005470929,-74.07472117936834,1
215,40.54064030968037,-74.17746136164392,1
216,40.513394999768536,-74.25114200530203,1
217,40.52535277285607,-74.20081488169684,1
218,40.551044828771424,-74.151490395228,1
219,40.51783236016187,-74.23900680150932,1
220,40.59608371277666,-74.08756358705132,1
221,40.58898083133198,-74.09566269024818,1
222,40.6036463903815,-74.08361004730492,1
223,40.5794406004058,-74.10909547424173,1
224,40.51538834259189,-74.24543268887537,1
225,40.556853330491705,-74.1362980235717,1
226,40.522795218815794,-74.21661689499,1
227,40.85537400078619,-73.92953599966226,1
228,40.8564130010661,-73.93260500034644,1
229,40.84943500131897,-73.93342800012336,1
230,40.84909800112342,-73.9337469994527,1
231,40.83426800130478,-73.94518300038898,1
232,40.834221000799,-73.94507299964854,1
233,40.82665700086404,-73.95051999955042,1
234,40.82158400072177,-73.9542229998489,1
235,40.82134800084509,-73.95440800002518,1
236,40.815143000777624,-73.95843900056369,1
237,40.81568800046402,-73.95855400038508,1
238,40.815307001276445,-73.95882600040818,1
239,40.81523000117834,-73.958366000247,1
240,40.80825100090538,-73.96395500043013,1
241,40.808099000602446,-73.96360299941038,1
242,40.808400000687584,-73.9638450000096,1
243,40.80824500112703,-73.96349499943106,1
244,40.80439000119268,-73.96678600037963,1
245,40.79928200045936,-73.96867899990173,1
246,40.799142000928825,-73.96831399978942,1
247,40.79941000081965,-73.96861199993799,1
248,40.79922300072293,-73.96827099976497,1
249,40.78834900101238,-73.97693499959243,1
250,40.7885150007288,-73.97671799994522,1
251,40.78406600125539,-73.98005100010229,1
252,40.7837650011059,-73.98027399970793,1
253,40.77914600118901,-73.98182200022524,3
254,40.77887500103648,-73.98187700022096,3
255,40.773738000964435,-73.98244800053143,1
256,40.773829000793576,-73.98243300055154,1
257,40.77357600059736,-73.98242499949802,1
258,40.76111100084517,-73.98343599966064,1
259,40.76128200101848,-73.98385299964245,1
260,40.76121200085311,-73.98335700040131,1
261,40.76136700047133,-73.98378199996694,1
262,40.75624100077108,-73.9871330002365,11
263,40.75604200125014,-73.987242000417,11
264,40.751046000520134,-73.99127099949824,3
265,40.74391000081463,-73.99560800007117,1
266,40.74412000048408,-73.9953479998761,1
267,40.74092000119855,-73.9976979995116,1
268,40.74101500048004,-73.9975799995167,1
269,40.73848400068603,-73.99991400034781,6
270,40.738775001128936,-73.99971100045268,6
271,40.73858500099508,-73.99940500049415,6
272,40.733402001034655,-74.00274800048986,1
273,40.728472000973596,-74.0051880005409,1
274,40.728656001058766,-74.00508600020933,1
275,40.722569000738225,-74.00608000044372,1
276,40.72249700051474,-74.0059939994229,1
277,40.71900100095171,-74.00667500031243,1
278,40.7154440005533,-74.00945300038241,3
279,40.62530700095405,-73.96096900015866,2
280,40.625363000482295,-73.9606539998178,2
281,40.618140000630724,-73.95946000002303,2
282,40.609062000781535,-73.95780799949603,2
283,40.58573400104336,-73.95437100041163,2
284,40.5776180011225,-73.9619939997117,2
285,40.57765600108124,-73.96179199971967,2
286,40.5773870011973,-73.96191200012127,2
287,40.57742500131019,-73.9617190003475,2
288,40.576507000817266,-73.96944499992779,1
289,40.576487001201215,-73.96924299999988,1
290,40.57575200063361,-73.97674000054973,2
291,40.57646400084496,-73.97486200011457,2
292,40.57624100083492,-73.98107699963558,4
293,40.627299001301736,-73.99646500020995,2
294,40.627110001144935,-73.99687000021943,2
295,40.62736700105922,-73.99672900056984,2
296,40.63060900111048,-74.00406700058724,1
297,40.624246000716944,-73.99596200038907,2
298,40.62130600062646,-73.99146900051102,1
299,40.61057200069324,-73.98161300019369,1
300,40.603212001127204,-73.98019899989467,1
301,40.59851200104023,-73.97933500002254,1
302,40.700808001026594,-73.82738999967381,2
303,40.69407700090907,-73.85047599976244,2
304,40.708293001146934,-73.95804400057325,3
305,40.708788000948154,-73.95882600028455,3
306,40.70827100091838,-73.95774899947165,3
307,40.70840300070704,-73.95812400025471,3
308,40.708681000471664,-73.95892699964104,3
309,40.71782300104115,-74.00032599953003,6
310,40.712699000660656,-74.00409900011306,5
311,40.71419900086895,-74.00318700001199,5
312,40.71024100133676,-74.008021999885,8
313,40.71010600058578,-74.00764799967342,8
314,40.70937600121553,-74.00837499959205,8
315,40.71038800045965,-74.00793499971903,8
316,40.710211000789,-74.00758400053654,8
317,40.709507000739215,-74.00829500025311,8
318,40.70614200080869,-74.01112799959888,2
319,40.70596100081817,-74.01122900028547,2
320,40.706001001193364,-74.01149700017311,2
321,40.706439000639115,-74.01126299980652,2
322,40.7057470008398,-74.01155399943313,2
323,40.73719700133645,-73.9967040002893,6
324,40.73714900060612,-73.99657800032142,6
325,40.73475500085548,-73.99099099997512,7
326,40.734859001333184,-73.9912350005178,7
327,40.73312200055631,-73.98654799947136,1
328,40.73327700049357,-73.98693099981813,1
329,40.73105000120231,-73.98262500051983,1
330,40.73111800092481,-73.98256299944175,1
331,40.716888001064106,-73.95636700052131,1
332,40.71699100110155,-73.95625699960179,1
333,40.7139080006619,-73.94926199991923,2
334,40.71421000124828,-73.9493130000467,2
335,40.714439000743,-73.94418999943257,1
336,40.714433000678135,-73.94454600031068,1
337,40.71179100063892,-73.94074199974496,1
338,40.71201700050525,-73.94097599969999,1
339,40.70346100094077,-73.91760599980049,1
340,40.703540001090744,-73.91777100050616,1
341,40.69981400080795,-73.91129500027324,2
342,40.69946800067977,-73.91064799977616,2
343,40.69980700134659,-73.9109990002118,2
344,40.69587100102467,-73.9051429996001,1
345,40.695990000756716,-73.90526499961696,1
346,40.66374900051789,-73.90048200047256,1
347,40.86828400080386,-73.91960700045321,1
348,40.86803600121992,-73.91928399950918,1
349,40.86529600057023,-73.92741100042666,1
350,40.8652480006033,-73.92727900029607,1
351,40.86534200096004,-73.92696399956364,1
352,40.86544600109435,-73.92703500043224,1
353,40.85077800124626,-73.9384720001484,1
354,40.85071700091415,-73.93821400040399,1
355,40.85087000131911,-73.93853699965577,1
356,40.84635200071115,-73.94028700046785,1
357,40.84640700120318,-73.93986100054526,1
358,40.84186000108137,-73.93956899975426,2
359,40.84192800057145,-73.93945500009073,2
360,40.84176000106231,-73.93906700033133,2
361,40.825622000508176,-73.94379599971889,4
362,40.82558100084003,-73.94344399953793,4
363,40.818558000696186,-73.94754299944589,2
364,40.81718800079138,-73.94766500014222,2
365,40.816892001179326,-73.94781799969812,2
366,40.81686700046872,-73.94795299949008,2
367,40.81835400106519,-73.94721299966716,2
368,40.811858000642076,-73.95135100055747,4
369,40.811990000867716,-73.95174499993097,4
370,40.804428000771175,-73.95502400050259,2
371,40.80417200097991,-73.95513100031359,2
372,40.80086600068446,-73.95840499941482,2
373,40.792285001035324,-73.96442299966145,2
374,40.792591001187866,-73.96431599945484,2
375,40.786769000752294,-73.9684479997323,2
376,40.78611500067194,-73.96901099942797,2
377,40.78089500051565,-73.97291799974646,2
378,40.78031900056935,-73.97317900024049,2
379,40.77494000127264,-73.97714399988875,2
380,40.76864900124288,-73.98118399996902,5
381,40.76208500131275,-73.9858289999567,2
382,40.762216000513796,-73.98575699964927,2
383,40.75856700105674,-73.98905300037535,11
384,40.75840100127259,-73.98867300047789,11
385,40.75868500081034,-73.98898999970584,11
386,40.75268900056211,-73.99274200034682,3
387,40.752796001220474,-73.99266899976912,3
388,40.75276600070955,-73.99259599997431,3
389,40.752877000838836,-73.99324400043513,3
390,40.75305300085618,-73.9932559994322,3
391,40.753032000666956,-73.99318800005699,3
392,40.75217800112652,-73.99370100036371,3
393,40.75242700054559,-73.99367900021578,3
394,40.746732000857875,-73.99771099962196,2
395,40.746603000567475,-73.99780099972368,2
396,40.74527800074828,-73.99877100051596,2
397,40.74550500079417,-73.99864200035957,2
398,40.74653500099534,-73.99727100051525,2
399,40.74648300082506,-73.9971420000466,2
400,40.746110000959604,-73.9981449996875,2
401,40.745814001186666,-73.99785199946204,2
402,40.746427000602445,-73.99734999944268,2
403,40.73306700126593,-73.99972799977385,7
404,40.73325900097799,-73.99961499984104,7
405,40.73307200104815,-74.00019200003808,7
406,40.725595000816554,-74.0043259999925,2
407,40.726208001134815,-74.00398999953292,2
408,40.71987000052798,-74.00503799997084,3
409,40.714873001086865,-74.00816199981509,5
410,40.714777001341815,-74.00790300022199,5
411,40.71509900079141,-74.00798899963942,5
412,40.71499200122226,-74.00773899971288,5
413,40.713949000967396,-74.00895999968903,5
414,40.71431300062494,-74.00858399956304,5
415,40.71453900063783,-74.00842800052166,5
416,40.69911200077627,-73.98892000026513,8
417,40.6992120007885,-73.98827399986597,8
418,40.69324300093006,-73.98740199983688,4
419,40.693491000800925,-73.98708900020479,4
420,40.69315300072796,-73.98740799975512,4
421,40.6931530009137,-73.98748399943115,4
422,40.69324300054568,-73.98748099994933,4
423,40.692397001054964,-73.98716199997669,4
424,40.6923290011767,-73.98716699975473,4
425,40.68286800096481,-73.96462999970235,1
426,40.683172001121186,-73.96468899975191,1
427,40.68125600117548,-73.95558999983704,3
428,40.68022800088118,-73.94941399980395,2
429,40.68026200129792,-73.94963499976966,2
430,40.67980400107332,-73.94111899960131,2
431,40.67972800106906,-73.94136199958852,2
432,40.679530001016616,-73.93202100004619,2
433,40.67934600127338,-73.93198699967262,2
434,40.678513000972146,-73.91077299978465,2
435,40.678460000551205,-73.91097100043184,2
436,40.679215000927314,-73.86029100016712,1
437,40.679361001121286,-73.8602840005439,1
438,40.680611000542676,-73.84253699987947,1
439,40.68077400101242,-73.84255800024278,1
440,40.6839720010424,-73.83281599943217,1
441,40.684111000796676,-73.83288900013594,1
442,40.68572000058409,-73.82709200048289,1
443,40.68586800122389,-73.82710700003341,1
444,40.66933900098021,-73.83472100053949,1
445,40.6601600012903,-73.83037199970069,1
446,40.87402100117967,-73.87750100055958,1
447,40.87426200051529,-73.87753300001039,1
448,40.87408400122103,-73.88711199975013,2
449,40.874025000515374,-73.886465999825,2
450,40.86618100066827,-73.89430600010499,2
451,40.866369000845204,-73.89452099968575,2
452,40.86612700092387,-73.8939819996125,2
453,40.86229600060811,-73.89688500022153,2
454,40.86260800109758,-73.89666199972325,2
455,40.85105200053909,-73.90509299953474,2
456,40.8511760013481,-73.90426299981107,2
457,40.84646100078523,-73.90979600013416,2
458,40.846354000523775,-73.90904699947147,2
459,40.83861800121276,-73.91419099980621,2
460,40.838991000761844,-73.91403700038497,2
461,40.838421000768925,-73.91362600031424,2
462,40.83311100089355,-73.91939899960248,2
463,40.82737200047046,-73.92421699984025,3
464,40.82757200132717,-73.92402800004501,3
465,40.82753900047789,-73.92415600017806,3
466,40.75862300052824,-73.98156599967372,4
467,40.75897700046408,-73.98135199985333,4
468,40.75910500089732,-73.98125200006085,4
469,40.75780100092034,-73.98178800045342,4
470,40.758024000778704,-73.98207900028763,4
471,40.757981001203724,-73.98153999957127,4
472,40.75786200084005,-73.98173499948511,4
473,40.75848600104593,-73.98115799990187,4
474,40.75861500065464,-73.98109499996352,4
475,40.75370900094357,-73.98508399989426,5
476,40.75533300052329,-73.98393399979334,5
477,40.755008001230735,-73.98424900033847,5
478,40.754832000540624,-73.98365699985403,5
479,40.75347300097601,-73.98525900033071,5
480,40.75340800086248,-73.98489200039207,5
481,40.75354600106577,-73.98477899947437,5
482,40.750674001310706,-73.98803100021101,7
483,40.750271000742266,-73.98706599953431,7
484,40.75088000056648,-73.98809599983437,7
485,40.75064700116795,-73.98734599965809,7
486,40.75040400129933,-73.98698900050714,7
487,40.74312100053112,-73.99309899994718,2
488,40.743066000637675,-73.99297099946992,2
489,40.74297700127477,-73.99318800043537,2
490,40.74292200094004,-73.99306600056732,2
491,40.738678000646054,-73.99563200053089,6
492,40.738529001083776,-73.99568500052408,6
493,40.73883800075859,-73.99602300002492,6
494,40.73871800068385,-73.99612100013594,6
495,40.73728600045643,-73.99643700040905,6
496,40.73731600124041,-73.99650799960733,6
497,40.72534400048191,-73.99561200053306,5
498,40.72395000121395,-73.99129800004937,1
499,40.7236650008619,-73.99165100017173,1
500,40.71837200106312,-73.98844500031885,4
501,40.718207001246554,-73.9882730001973,4
502,40.713906000914186,-73.99001399998978,1
503,40.71419400126964,-73.99035200049538,1
504,40.714404000928866,-73.98991800019905,1
505,40.6867080007296,-73.99062899995235,2
506,40.68686800095415,-73.99052599991127,2
507,40.68557900083901,-73.99146499975895,2
508,40.685445000749795,-73.99113100028609,2
509,40.68080600064838,-73.99434999994897,2
510,40.68094400115407,-73.99424699974075,2
511,40.68111500089429,-73.99443399977244,2
512,40.66070500052888,-73.97952200050106,1
513,40.66076300087218,-73.97899200049449,1
514,40.66128700051535,-73.97939500020668,1
515,40.66140000122864,-73.97976199963267,1
516,40.64985400091236,-73.97581500046593,1
517,40.645042000619085,-73.97957300020755,1
518,40.64490800084142,-73.98001899984308,1
519,40.63709300102466,-73.97846300038118,1
520,40.63710700134549,-73.97825700046194,1
521,40.62867400088844,-73.97689199972457,1
522,40.62870800073174,-73.97664599991317,1
523,40.61612100075442,-73.97450700057627,1
524,40.616160000837894,-73.97427000021857,1
525,40.602197000869936,-73.97263999995965,1
526,40.602178000458885,-73.97237900036963,1
527,40.71264000072137,-73.7844110005385,1
528,40.71229500098154,-73.78427999968055,1
529,40.712575000973004,-73.78466900029369,1
530,40.712240001310136,-73.78445599982852,1
531,40.712483000681516,-73.78506400024834,1
532,40.71224200071936,-73.78496800057597,1
533,40.709812000679044,-73.79471200019431,1
534,40.71015400095228,-73.79492200044278,1
535,40.70985200130507,-73.79456399997261,1
536,40.71018400063838,-73.79472999958533,1
537,40.7070620010458,-73.80433200036327,1
538,40.70735800092373,-73.80449800047982,1
539,40.707063000830956,-73.8046199999623,1
540,40.70534100079666,-73.81185999944066,1
541,40.704906000698074,-73.81195600052062,1
542,40.71414500046079,-73.83088600011864,2
543,40.7150190012173,-73.83162000055567,2
544,40.71467300117339,-73.83215100004777,2
545,40.714929001034086,-73.83150100018808,2
546,40.7222690013306,-73.84515300039851,4
547,40.7214090013249,-73.84463200058282,4
548,40.72191600071852,-73.8443519997078,4
549,40.72603000070775,-73.8521860005233,2
550,40.72636700091653,-73.85159199994669,2
551,40.73318800132119,-73.8686050001064,2
552,40.747238000676866,-73.89214599949497,5
553,40.74703400116454,-73.89255499974475,5
554,40.753428000940325,-73.90684699953115,2
555,40.756029001321124,-73.91217999996306,2
556,40.69359400114908,-73.99030400029861,5
557,40.693838000972846,-73.99011900016225,5
558,40.69356900127375,-73.99059899993928,5
559,40.69372800104672,-73.99062999972973,5
560,40.6903880009171,-73.98529900022486,2
561,40.688235000675654,-73.98063900048187,4
562,40.68805300066145,-73.98050599959079,4
563,40.684976001123324,-73.97787999958045,9
564,40.680695000563894,-73.97474799971003,2
565,40.68091100102721,-73.97495999969104,2
566,40.67495000089224,-73.97098999943682,2
567,40.67511000062565,-73.97082200058854,2
568,40.675142000611466,-73.97121599997601,2
569,40.675286000723155,-73.97082499999514,2
570,40.67212200105748,-73.96415400053795,2
571,40.67178900108896,-73.96430099956063,2
572,40.670485001093176,-73.95780600046888,5
573,40.67073200090646,-73.95769599997868,5
574,40.6703370012649,-73.95797300014002,5
575,40.67092200133036,-73.9577639995014,5
576,40.66971100134063,-73.95024700055183,1
577,40.669741001251154,-73.95079799952086,1
578,40.66926100109585,-73.94194800010953,1
579,40.66928900110269,-73.94246299993728,1
580,40.66893500078372,-73.93183099941535,2
581,40.66870000130495,-73.9317019994826,2
582,40.668960001113675,-73.93167500025572,2
583,40.66870800073885,-73.93188300008327,2
584,40.66896900091607,-73.93187399954088,2
585,40.66489100052888,-73.92267499950918,1
586,40.664887000476114,-73.92310899973509,1
587,40.665160000760956,-73.92297000044142,1
588,40.66155800062382,-73.91522500048707,1
589,40.66168900084216,-73.91524000005026,1
590,40.66140100071618,-73.91554299976134,1
591,40.662401000912325,-73.90880899964864,1
592,40.66270300085208,-73.90903300041886,1
593,40.66342600133558,-73.90263600043602,1
594,40.66336100065182,-73.90306299985717,1
595,40.66486900072033,-73.89377899962352,1
596,40.66457500096967,-73.89411700006633,1
597,40.66543100124898,-73.88838600051199,1
598,40.66574000121716,-73.88861299988648,1
599,40.66628500110047,-73.88327599956311,1
600,40.66641300046518,-73.88330700034126,1
601,40.66816600056173,-73.95086200038673,2
602,40.66814500106273,-73.95045799949932,2
603,40.66329000090533,-73.95104400008219,2
604,40.6632260008287,-73.9506699994792,2
605,40.657184000991876,-73.949976000245,2
606,40.65074800086499,-73.94938400016862,2
607,40.65064000087296,-73.94942900044408,2
608,40.650910000947576,-73.94941600043398,2
609,40.64504600132515,-73.9486840000062,2
610,40.639924000622166,-73.94816099956725,2
611,40.63246300128677,-73.94751799994098,2
612,40.632359000777875,-73.94738899948085,2
613,40.632324000480764,-73.94748199981197,2
614,40.63275000080316,-73.94737499984384,2
615,40.63286800061032,-73.94754700043327,2
616,40.85237700075771,-73.82598600003449,1
617,40.852803000717536,-73.82719500055056,1
618,40.853041000524186,-73.82699100035131,1
619,40.85301200129941,-73.82717200057495,1
620,40.852824000868324,-73.82703499976134,1
621,40.84689100083002,-73.8326389997653,1
622,40.84679500073495,-73.8324049995448,1
623,40.84718500046849,-73.83226400041839,1
624,40.84393500104816,-73.83638599950531,1
625,40.84360900131861,-73.83647800030957,1
626,40.84012800134937,-73.84287500052528,1
627,40.83695400071653,-73.84665299962514,1
628,40.8366130010131,-73.84672599988555,1
629,40.834093000684064,-73.8518569998498,1
630,40.834321001025685,-73.85144000020043,1
631,40.83322500105024,-73.86088800034581,1
632,40.83176500082172,-73.86707800017783,1
633,40.8314660006439,-73.86740999955235,1
634,40.82951700075485,-73.8748600000341,1
635,40.82937100110003,-73.8747309997518,1
636,40.82964100127183,-73.87444699958614,1
637,40.82868800100102,-73.87901800017238,1
638,40.82846000103376,-73.87936200055044,1
639,40.827298001103706,-73.88625599992815,1
640,40.82729500089228,-73.88608200010141,1
641,40.82059100116833,-73.89083600040297,1
642,40.8208190006932,-73.8904419995505,1
643,40.816263000623955,-73.89650600018608,1
644,40.81652000125646,-73.89622399949435,1
645,40.812331000879915,-73.90410200008623,1
646,40.812367000831365,-73.90379699945946,1
647,40.80817900089954,-73.9080649995903,1
648,40.80832200112936,-73.90800200015089,1
649,40.80523400105468,-73.91339100030605,1
650,40.80515500133569,-73.91320800010479,1
651,40.80774700113029,-73.9193469996151,1
652,40.80758000124235,-73.91895700038397,1
653,40.810282000823825,-73.92538599970219,1
654,40.810102001134744,-73.9256409998016,1
655,40.81024100061561,-73.9252670005584,1
656,40.81001900079343,-73.9254380000873,1
657,40.886819000753164,-73.87837600008224,1
658,40.88673700075253,-73.87811999952253,1
659,40.880077001216776,-73.88446999963614,1
660,40.879899000493786,-73.88424399944903,1
661,40.873528001271325,-73.88975400045447,1
662,40.867606001129616,-73.89741799964943,1
663,40.86762000108826,-73.89715199997106,1
664,40.86776600113226,-73.89703899950295,1
665,40.86256200047311,-73.90136699997309,1
666,40.86259200063595,-73.90096999993816,1
667,40.86289000068212,-73.90126200011231,1
668,40.86281400133189,-73.90081500005407,1
669,40.85826700046351,-73.90409899951389,1
670,40.85845300105405,-73.90368999942338,1
671,40.8584770011054,-73.90408799983564,1
672,40.8533130011792,-73.90797699974162,1
673,40.85318100088269,-73.90778199996889,1
674,40.85367000052777,-73.90765399945612,1
675,40.853596000527304,-73.90739299993152,1
676,40.84838500132584,-73.91200300045621,1
677,40.8485010008686,-73.91163300013874,1
678,40.84470200045958,-73.91465000014345,1
679,40.84438900064668,-73.91457800003883,1
680,40.83996000097312,-73.91801799962106,1
681,40.839877001193585,-73.91779100024927,1
682,40.840076001025714,-73.91764799975951,1
683,40.8356000006833,-73.92113100026826,1
684,40.8357460008823,-73.92156199984612,1
685,40.83572600081077,-73.92105900047197,1
686,40.83587300082349,-73.92148999952855,1
687,40.818281000975304,-73.92725099995654,3
688,40.81840500100198,-73.92710100053378,3
689,40.81332800130423,-73.93000399985371,2
690,40.8130910012951,-73.9296889998677,2
691,40.81336300097245,-73.92984700032206,2
692,40.804407001146856,-73.93723400047332,3
693,40.804251000987676,-73.93765799980339,3
694,40.80416400133444,-73.93744399981007,3
695,40.852759001197924,-73.93663600011946,1
696,40.85075200123336,-73.93813000033282,1
697,40.84794600067519,-73.93937500021471,1
698,40.847809000892845,-73.93980699960714,1
699,40.847944000660824,-73.93967900026934,1
700,40.84785900047842,-73.93930300016017,1
701,40.84799200063846,-73.93956400048992,1
702,40.84074100052238,-73.93925200013867,2
703,40.83519200045838,-73.94014599945572,1
704,40.8352780007455,-73.93962499969881,1
705,40.83593600113896,-73.94013699984784,1
706,40.83074400072892,-73.94159699994978,1
707,40.83085400072,-73.94163800027926,1
708,40.83110600104741,-73.94155000003605,1
709,40.8311390005594,-73.94144700017758,1
710,40.83103100111604,-73.94114900004651,1
711,40.830921000470845,-73.94110000035761,1
712,40.82379100110196,-73.9447260001357,4
713,40.82391500099031,-73.94502699983994,4
714,40.82424400086092,-73.94493100012984,4
715,40.8240280006025,-73.94440900031846,4
716,40.81712500091463,-73.94822500053797,2
717,40.810879000859785,-73.95231800005571,4
718,40.81052600067196,-73.95258300005997,4
719,40.81100700119017,-73.95261500003663,4
720,40.81063600092902,-73.95288600045224,4
721,40.80431200064201,-73.9556430000903,2
722,40.80463900057938,-73.95555899960267,2
723,40.800002000554,-73.9588819994903,2
724,40.80000200071377,-73.958448000016,2
725,40.79626300117578,-73.9616099996998,2
726,40.79164200073495,-73.9650089994215,2
727,40.785195000907564,-73.96959599988858,2
728,40.78528200132296,-73.96966199951395,2
729,40.7854800009903,-73.9694579996562,2
730,40.78197600129904,-73.97202699949132,2
731,40.78225400105085,-73.97174099963583,2
732,40.776217000902435,-73.97624699999885,2
733,40.77643100067877,-73.97597700050478,2
734,40.766944000939795,-73.98294099980184,5
735,40.766488000615425,-73.98270799982747,5
736,40.767667000953494,-73.98240800017022,5
737,40.767677000993274,-73.98252600002701,5
738,40.76765900054965,-73.98254200032648,5
739,40.76672500126771,-73.98256299943694,5
740,40.7676430008791,-73.9825629995242,5
741,40.76674500107452,-73.98340800031463,5
742,40.76641600095897,-73.98330099978276,5
743,40.76736700057975,-73.98213700028958,5
744,40.761968000973745,-73.98666200045496,2
745,40.76231200094273,-73.98637799941939,2
746,40.762452001091724,-73.98629899991198,2
747,40.761968000973745,-73.98666200045496,2
748,40.76231200094273,-73.98637799941939,2
749,40.76174100123601,-73.9869239995026,2
750,40.76169100066612,-73.98680500010208,2
751,40.757286000787154,-73.98958199998052,11
752,40.755989000537866,-73.99104900014957,11
753,40.755801001262,-73.99057599945067,11
754,40.75610100077567,-73.99088700011116,11
755,40.75199600047255,-73.99332699973941,3
756,40.7520200012958,-73.99335200046765,3
757,40.752161000804406,-73.99310900019489,3
758,40.74510200069327,-73.99836500050299,2
759,40.74529900118561,-73.99814499977234,2
760,40.74093800125008,-74.00191900010803,4
761,40.74123500071799,-74.00171500002665,4
762,40.74094400067859,-74.00140200038571,4
763,40.74104600069509,-74.0012839998449,4
764,40.739949001011254,-74.00265499962306,4
765,40.73108600048379,-74.00120899966048,7
766,40.731133001348276,-74.00153399972325,7
767,40.73109100093793,-74.00112700008235,7
768,40.72558300111975,-74.00374699943173,2
769,40.72070400117014,-74.00499899999654,3
770,40.72075800107851,-74.00539900025922,3
771,40.72165100085185,-74.00563399968306,3
772,40.72196700045499,-74.00513299972052,3
773,40.71375300084081,-74.00904600030091,5
774,40.71333300106254,-74.0090329998698,5
775,40.71268100051457,-74.00989100038811,5
776,40.71328600093953,-74.0095109994939,5
777,40.713036001258295,-74.00924500040365,5
778,40.71343500108639,-74.00929199986659,5
779,40.71179300109741,-74.0101649998177,5
780,40.71171000117648,-74.01020399993797,5
781,40.71225800057064,-74.01030600001616,5
782,40.71069200129965,-74.00842800049294,8
783,40.710555000473356,-74.0086319996818,8
784,40.69940500089777,-73.99141300025919,8
785,40.69233500054976,-73.98744599980998,4
786,40.69239300046189,-73.98744300042478,4
787,40.692336000842694,-73.9874939995761,4
788,40.69239400075601,-73.98749100023262,4
789,40.68908500061754,-73.98594099947078,3
790,40.688396001275585,-73.98421600016393,3
791,40.68578900079028,-73.97275999951495,1
792,40.68555900120916,-73.97289999985651,1
793,40.685969001131355,-73.97302099989815,1
794,40.68570000079172,-73.97352599975537,1
795,40.6860770009335,-73.97330800027531,1
796,40.68604100048046,-73.97427799971175,1
797,40.68640900089698,-73.97434700032048,1
798,40.68611900122114,-73.97451699946798,1
799,40.686553000949395,-73.97460599941192,1
800,40.68365300070044,-73.96679699983912,1
801,40.68369500049261,-73.96706900021974,1
802,40.68054700115432,-73.94951499982591,2
803,40.68057200095438,-73.94975299964452,2
804,40.68001000080545,-73.94024699963524,2
805,40.680057001206364,-73.94048300024578,2
806,40.679095001156526,-73.93004400011803,2
807,40.679487000732564,-73.92972500040634,2
808,40.67870200077484,-73.92155199962924,2
809,40.678984001189484,-73.92144200048577,2
810,40.67916400114647,-73.92187000056835,2
811,40.67859400130624,-73.91373199978516,2
812,40.67831700068249,-73.91365100050982,2
813,40.678334000847464,-73.90392200051937,4
814,40.67424200103689,-73.89664499975883,2
815,40.67426800096991,-73.89631200038666,2
816,40.67443000131494,-73.89677599994724,2
817,40.712940000938254,-73.78317899949278,1
818,40.712669001041526,-73.78327400043251,1
819,40.71289200058548,-73.7833629997439,1
820,40.71254800063715,-73.7834270000399,1
821,40.71056300080342,-73.79285300008401,1
822,40.71096800048277,-73.79276099959564,1
823,40.710495000849924,-73.79302199947567,1
824,40.7108300008175,-73.79324800046304,1
825,40.70747300091829,-73.80279699999659,1
826,40.707873000981024,-73.80299899948717,1
827,40.70756300092153,-73.80261100041199,1
828,40.705591001080236,-73.80948100057626,1
829,40.70594500079124,-73.80948899986537,1
830,40.705538000904426,-73.80971700032187,1
831,40.708068001230046,-73.82011099992044,1
832,40.70931600045191,-73.81977300037678,1
833,40.70968100067085,-73.81960100046479,1
834,40.7140010008164,-73.83116599992069,2
835,40.713663001265026,-73.8300109999448,2
836,40.71407300068592,-73.82991699992932,2
837,40.713967001105964,-73.83130300014818,2
838,40.71789500073465,-73.83674300025113,2
839,40.71906100051211,-73.83791599992833,2
840,40.7185740008389,-73.83825699999589,2
841,40.72110000058624,-73.84403899977785,4
842,40.72149000126793,-73.84338899958266,4
843,40.7265980010494,-73.85353400011596,2
844,40.72707300076862,-73.853226000456,2
845,40.72995300085667,-73.86269899961161,2
846,40.729265000582856,-73.86081399943335,2
847,40.73304100076268,-73.87033400014576,2
848,40.733354001050536,-73.87098299989292,2
849,40.7335550009951,-73.86958799977317,2
850,40.735888000642326,-73.87688600016183,2
851,40.73627700100364,-73.87642400016867,2
852,40.73607500046235,-73.8771669998173,2
853,40.737354001235445,-73.87719099990078,2
854,40.73747700047902,-73.87742399942309,2
855,40.74172900073593,-73.88113500019222,2
856,40.74206600132073,-73.88103899979527,2
857,40.741861001271054,-73.8814569998886,2
858,40.7429370011896,-73.88270799950598,2
859,40.74279100099566,-73.88302500019938,2
860,40.746784000903986,-73.89095799941283,5
861,40.74659700056247,-73.89095499963294,5
862,40.749145000602375,-73.89749500005907,2
863,40.749330000934705,-73.89738200032912,2
864,40.753086001267654,-73.90711899983891,2
865,40.75686800107912,-73.91430300011315,2
866,40.75814300048504,-73.9198419996172,2
867,40.758279001238044,-73.91943300000067,2
868,40.752232000693546,-73.92877499947052,2
869,40.752198001135355,-73.92926300038461,2
870,40.74870500060306,-73.93847100050753,3
871,40.74908600061102,-73.93789599960621,3
872,40.74869700087383,-73.93736400015874,3
873,40.74880700056586,-73.93705699993237,3
874,40.748466000892236,-73.93824400025171,3
875,40.74737100126378,-73.94428700011319,4
876,40.74795400097661,-73.94724000030592,4
877,40.7481950006204,-73.94716299981128,4
878,40.758329001345594,-73.97056699994029,3
879,40.75812000063167,-73.97095799995355,3
880,40.76042200127613,-73.97614600044388,2
881,40.76037300128099,-73.97556199992708,2
882,40.76026700096498,-73.97563800019878,2
883,40.67456700098386,-73.89636399950176,2
884,40.672479000995224,-73.89016399958122,2
885,40.672850000514806,-73.89025699979906,2
886,40.6725450005473,-73.89038100002684,2
887,40.672771000835766,-73.89058399980156,2
888,40.673970000898905,-73.88066699978623,2
889,40.674303001215215,-73.88074899977683,2
890,40.67423400074515,-73.88092699972832,2
891,40.673989001301535,-73.88086899951219,2
892,40.67555400055863,-73.87187499969077,2
893,40.675301001060554,-73.87180100017304,2
894,40.675533000930514,-73.87174200049127,2
895,40.67527400093951,-73.87211499957239,2
896,40.675478000723395,-73.87210899963866,2
897,40.676735000681276,-73.86549100024625,1
898,40.67937100127377,-73.8580239994801,1
899,40.67949800121473,-73.85804899960938,1
900,40.679828000653636,-73.85040099973983,1
901,40.67997300107831,-73.85041299989881,1
902,40.68015800112226,-73.84513099950003,1
903,40.680305001170716,-73.84515899966665,1
904,40.68199400134972,-73.83674200023124,1
905,40.68212000065667,-73.8368359997765,1
906,40.68473200079636,-73.83089799968143,1
907,40.684874000765454,-73.83094299982292,1
908,40.68610300097643,-73.8243140005856,1
909,40.68623400119888,-73.82437799981012,1
910,40.66701800125196,-73.83348000025269,1
911,40.66046500046574,-73.83051799941714,1
912,40.660486001115515,-73.83045299980022,1
913,40.66037200045106,-73.83036899980063,1
914,40.60800700116313,-73.81596699977959,2
915,40.58808000092577,-73.81390700051536,1
916,40.5879290013033,-73.81375499961378,1
917,40.58799900089258,-73.81411700057858,1
918,40.5878140007953,-73.81403700040585,1
919,40.58554000110732,-73.82034499948624,1
920,40.58534200102381,-73.82024899955475,1
921,40.585208000598406,-73.82059499989819,1
922,40.58318700053487,-73.82738799973608,1
923,40.58336900072752,-73.82747400035272,1
924,40.58324800067608,-73.82716299942538,1
925,40.583435001308175,-73.82723200039874,1
926,40.580510000613366,-73.83741799970853,1
927,40.59074400046429,-73.79778899996182,1
928,40.590901001105046,-73.79660900016962,1
929,40.59112300046975,-73.79645999994716,1
930,40.590951000987864,-73.79617600041752,1
931,40.592269000592346,-73.78957799995047,1
932,40.592490000550505,-73.78916099979254,1
933,40.59229200082906,-73.78915300020047,1
934,40.5924780010799,-73.78940999981678,1
935,40.59310600076609,-73.7757429997311,1
936,40.59286000099739,-73.77610899975474,1
937,40.5930790004491,-73.77598500000147,1
938,40.59289700071262,-73.77571500021092,1
939,40.59561700104222,-73.76803199960129,1
940,40.59529700089243,-73.76820600058522,1
941,40.595445001061876,-73.76831299959736,1
942,40.59546900110088,-73.76791899958194,1
943,40.59970800128436,-73.76195900042725,1
944,40.599427000606575,-73.76180699999229,1
945,40.59967000128366,-73.761596000433,1
946,40.60465700132099,-73.75417800022007,1
947,40.874902001215034,-73.87926700011755,1
948,40.875087001117286,-73.87960999981343,1
949,40.87213500086189,-73.88745900025157,2
950,40.87219800067569,-73.8877880002506,2
951,40.87246800091903,-73.88789399960402,2
952,40.86811400063899,-73.89319500028131,2
953,40.86768800092554,-73.89273900053317,2
954,40.86140100117089,-73.89809800050038,2
955,40.861147000498164,-73.89742399977906,2
956,40.86159200104114,-73.89801899992483,2
957,40.861322000794395,-73.89735499963535,2
958,40.8560380008167,-73.90114000045055,2
959,40.855864001298634,-73.90048399962741,2
960,40.8562370005725,-73.90111500034087,2
961,40.85603900050214,-73.90044900003538,2
962,40.849864000781224,-73.90608399994655,2
963,40.85012400081615,-73.90584100017635,2
964,40.849968001108714,-73.90522600039543,2
965,40.844933000451064,-73.91121200023201,2
966,40.84493900131055,-73.91088499965068,2
967,40.83975100125329,-73.9127429998338,2
968,40.84009700063031,-73.91333299949422,2
969,40.83446600126606,-73.91815500025773,2
970,40.834286000509636,-73.91756200044014,2
971,40.8347880007017,-73.91783800004612,2
972,40.83460900057713,-73.91724500052634,2
973,40.8278400009108,-73.92571500032871,3
974,40.827488001147515,-73.92600399944224,3
975,40.82747100069324,-73.92625000033516,3
976,40.82754500061717,-73.92620199981654,3
977,40.828011000549594,-73.92558799954656,3
978,40.83031300104234,-73.93668700018227,2
979,40.75432200099374,-73.94237399991762,1
980,40.754131000989815,-73.94249099975755,1
981,40.75419500048989,-73.9425210001696,1
982,40.754069000589034,-73.94213200002308,1
983,40.75425500084818,-73.94193500036222,1
984,40.75901600103089,-73.95350499982585,1
985,40.764884000528355,-73.9665139998297,1
986,40.76487400059016,-73.96643099951287,1
987,40.764881000682955,-73.9664110002741,1
988,40.764721000515515,-73.9665520004654,1
989,40.76486600059085,-73.96642199997,1
990,40.76387400082074,-73.97735799964018,1
991,40.76422700087064,-73.9774299999223,1
992,40.763998000643525,-73.97726400033272,1
993,40.76465200087484,-73.97711900025115,1
994,40.76456400078794,-73.97682999951728,1
995,40.76348200108458,-73.97797400037928,1
996,40.76339200097555,-73.97767400053259,1
997,40.76383100079483,-73.97771800005206,1
998,40.75943400061983,-73.98100100035816,4
999,40.75989600056634,-73.98070600041795,4
1000,40.76050200066163,-73.98021799977369,4
1001,40.75995300051702,-73.9801170002853,4
1002,40.76012500097347,-73.98049900043169,4
1003,40.7593010011649,-73.98059399987584,4
1004,40.759414000608245,-73.98103499941357,4
1005,40.75899600118979,-73.98078800025752,5
1006,40.75484900054064,-73.98462699975511,5
1007,40.754609001253726,-73.98389399968967,5
1008,40.749615000624125,-73.9881589996521,7
1009,40.74984500048655,-73.98825399954313,7
1010,40.75008800045507,-73.9881419994332,7
1011,40.742659000533585,-73.99248900025586,2
1012,40.74271500052851,-73.99261699944252,2
1013,40.74288000134227,-73.99250599976541,2
1014,40.74282500111869,-73.99238300017701,2
1015,40.73742300092926,-73.99722000037303,6
1016,40.737572000730154,-73.99711099987555,6
1017,40.73751900133649,-73.99697000051702,6
1018,40.73737000076742,-73.9970790000593,6
1019,40.72520200059756,-73.99658300044537,5
1020,40.72549900051557,-73.99638700031852,5
1021,40.71815500081104,-73.99345200013313,2
1022,40.71819100123501,-73.99357699969686,2
1023,40.7182650007759,-73.99387700010331,2
1024,40.7228070004941,-73.98894199993516,1
1025,40.72320000128046,-73.9888629997116,1
1026,40.7187810010929,-73.988233000539,4
1027,40.718778001288825,-73.98796099993454,4
1028,40.71272700095603,-73.99012600012675,1
1029,40.701380000856666,-73.98665500004444,1
1030,40.68658400046572,-73.99036200014791,2
1031,40.686727000503545,-73.99026899951592,2
1032,40.67929900047341,-73.99569800002327,2
1033,40.67934400112925,-73.99528799991103,2
1034,40.67472500124672,-73.99750499980237,3
1035,40.66995300117558,-73.98944199990419,1
1036,40.670010001144014,-73.98924799982667,1
1037,40.66583500062997,-73.9790069998167,1
1038,40.66549400097409,-73.97927800049247,1
1039,40.66559300094872,-73.97950900019343,1
1040,40.665993000748706,-73.9791810000615,1
1041,40.66664900056681,-73.98162399965729,1
1042,40.66700400065108,-73.98133099951096,1
1043,40.66675100110676,-73.98185100046487,1
1044,40.66711200100676,-73.98171600042714,1
1045,40.65943600070493,-73.97995100040573,1
1046,40.6601980007983,-73.97978699954726,1
1047,40.65183400074427,-73.97607599985253,1
1048,40.65160800061037,-73.9755959995519,1
1049,40.652665001219184,-73.97590099969372,1
1050,40.64257100053699,-73.97957899971581,1
1051,40.64269200102136,-73.97926000023165,1
1052,40.64314700083059,-73.97934199984553,1
1053,40.6430060012385,-73.97966000021263,1
1054,40.63543400082804,-73.97828900049883,1
1055,40.63538900071615,-73.97791399949352,1
1056,40.688805000579165,-73.90474100026483,1
1057,40.68230000100851,-73.90514899960154,1
1058,40.675380001059246,-73.90261199981974,1
1059,40.675609000843224,-73.90276700054804,1
1060,40.67560700061995,-73.90267199982675,1
1061,40.668527000649846,-73.90176500018366,1
1062,40.66374200117914,-73.90052199966858,1
1063,40.65904100128506,-73.89940900047984,1
1064,40.65146200047333,-73.89919099955934,1
1065,40.651278000563096,-73.89886200040942,1
1066,40.64556000083436,-73.90252399950258,1
1067,40.64556000083436,-73.90252399950258,1
1068,40.6458060011384,-73.90141400018447,1
1069,40.68105100075215,-73.95583999980393,2
1070,40.67451600119416,-73.95793200020938,1
1071,40.67520800103493,-73.9575909996094,1
1072,40.670588001304374,-73.95909299976775,5
1073,40.86789200080849,-73.92123400046815,1
1074,40.86779900111643,-73.92143100014393,1
1075,40.86751200131279,-73.92132999998837,1
1076,40.8676530006765,-73.92094900001032,1
1077,40.865758000861874,-73.927265999702,1
1078,40.86574400109299,-73.92717199948154,1
1079,40.86536200076428,-73.92805899960615,1
1080,40.858899001042595,-73.9327019997458,1
1081,40.858886000662295,-73.9342259997364,1
1082,40.75497493443128,-74.00092352989824,1
1083,40.75489825502214,-74.00098158502907,1
1084,40.75662400088123,-73.91440699987369,2
1085,40.755813000720174,-73.91264199945515,2
1086,40.756583000562095,-73.92110799993777,2
1087,40.756673000906524,-73.92062200032666,2
1088,40.7518680009112,-73.93058499969706,2
1089,40.75223800057053,-73.92766199973421,2
1090,40.75193000082027,-73.92714100016573,2
1091,40.74957700112801,-73.93609400005106,3
1092,40.749857000958755,-73.93619799997354,3
1093,40.74770600096008,-73.94462600056677,4
1094,40.75778400070105,-73.97109799966415,3
1095,40.75780400089147,-73.97114100034727,3
1096,40.75972100129874,-73.97385799954058,2
1097,40.75955600064906,-73.97406799950883,2
1098,40.76314100088567,-73.9826660004725,3
1099,40.76338800045484,-73.98249499997797,3
1100,40.70223400083632,-73.80185899981666,3
1101,40.70187400124633,-73.8017470004936,3
1102,40.70164000049842,-73.80247799997424,3
1103,40.732258000899066,-73.95437899991082,1
1104,40.732216000638765,-73.95478400051634,1
1105,40.72544600056046,-73.95197400005141,1
1106,40.72557300071668,-73.9516030004786,1
1107,40.71374700126756,-73.95176800058799,2
1108,40.713744000678275,-73.95145499982186,2
1109,40.69998500074923,-73.9498950000837,1
1110,40.6955000007568,-73.94895999970872,1
1111,40.68954300121877,-73.95499799970058,1
1112,40.68936700054468,-73.95495699997176,1
1113,40.689500001301035,-73.955352999428,1
1114,40.68933000050203,-73.9553179998157,1
1115,40.88486800117124,-73.90059799968728,1
1116,40.87869400054637,-73.90482099987517,1
1117,40.879091000692206,-73.90453799962896,1
1118,40.874308000722706,-73.90979499943771,1
1119,40.86931500046094,-73.9152159995194,1
1120,40.86423000111228,-73.91895099988385,1
1121,40.84085900054708,-73.94020900036014,3
1122,40.84102400098721,-73.94008300036529,3
1123,40.83386000111714,-73.94461999985606,1
1124,40.83383200099822,-73.94475299973129,1
1125,40.82619900071818,-73.95039199974158,1
1126,40.82651300066238,-73.95016199968677,1
1127,40.821454001095525,-73.95385599951909,1
1128,40.82139100076987,-73.95390599966395,1
1129,40.807535000563774,-73.96401299964685,1
1130,40.80392600075142,-73.96664699989607,1
1131,40.80425700105886,-73.96642200016069,1
1132,40.79432900130719,-73.97204199949016,3
1133,40.78807300127442,-73.97628800043398,1
1134,40.788272001124426,-73.97608299956835,1
1135,40.783620000711345,-73.97991000008534,1
1136,40.78398500069542,-73.9796620001995,1
1137,40.77858500064,-73.98192299949491,3
1138,40.77353600132632,-73.98200600030572,1
1139,40.773457000797144,-73.98200399967317,1
1140,40.773682001260006,-73.98201499997326,1
1141,40.76877700071414,-73.98210599962013,5
1142,40.769227000573665,-73.9824000005264,5
1143,40.76936500060315,-73.98239199982025,5
1144,40.76143200091684,-73.98437000022788,1
1145,40.761561001093966,-73.98415400029317,1
1146,40.75469100126269,-73.98806700011104,11
1147,40.7545680013356,-73.9878269994692,11
1148,40.75555400110353,-73.98767899988253,11
1149,40.755575001330804,-73.98631100000631,11
1150,40.749656001218646,-73.99113000035294,3
1151,40.75007700130053,-73.99081999975235,3
1152,40.75028300087492,-73.9906499994932,3
1153,40.75031300049931,-73.990853999749,3
1154,40.75047600062494,-73.99125400045692,3
1155,40.75098200069435,-73.99089900046182,3
1156,40.751187001268214,-73.99079100029651,3
1157,40.74726400063449,-73.99361099953936,1
1158,40.747392001059836,-73.99351000009723,1
1159,40.74678700117635,-73.99395500050252,1
1160,40.746594000967676,-73.99355500047805,1
1161,40.74401700082124,-73.99590099950177,1
1162,40.744313001345226,-73.99581100055414,1
1163,40.741081001277344,-73.99810500037108,1
1164,40.74120600129599,-73.99803499940815,1
1165,40.741783001050194,-73.99755700045185,1
1166,40.74161700058918,-73.99719699989045,1
1167,40.738358001202634,-73.99965599954568,6
1168,40.73801300062376,-74.00032900003296,6
1169,40.73738800095459,-74.0008150001139,6
1170,40.737197000982015,-74.00040000023115,6
1171,40.73351500098239,-74.003146999488,1
1172,40.73346700131849,-74.00307600051975,1
1173,40.73363400107352,-74.00312299972714,1
1174,40.733652000840344,-74.00300599946266,1
1175,40.727739001345725,-74.00530500049017,1
1176,40.72798900094308,-74.00525799973039,1
1177,40.72784000068171,-74.00568100016042,1
1178,40.7279830011965,-74.0056500002372,1
1179,40.72856100075978,-74.00553999961413,1
1180,40.72868600057189,-74.00551699955352,1
1181,40.722932000510355,-74.00662000043373,1
1182,40.72287800098192,-74.00651799991041,1
1183,40.71991800134944,-74.00662000050136,1
1184,40.71896500066248,-74.00712099990209,1
1185,40.71925100106121,-74.00705800004816,1
1186,40.71988800093658,-74.00692499992861,1
1187,40.70649300060878,-74.01431899947436,1
1188,40.706527001239266,-74.01414400015977,1
1189,40.70659700064449,-74.01411499966467,1
1190,40.707564000576994,-74.01385299985863,1
1191,40.70743100046886,-74.00877800023208,2
1192,40.706385000547535,-74.00965799978296,2
1193,40.70627200118132,-74.00944699955568,2
1194,40.70675500088659,-74.00880400023979,2
1195,40.69093100048398,-73.9852500001838,2
1196,40.69097200083988,-73.98544800048133,2
1197,40.690025000956666,-73.98424800026095,2
1198,40.68824300060318,-73.98035600012008,4
1199,40.688085000580394,-73.98024299985435,4
1200,40.68083200082099,-73.97553400018866,2
1201,40.68070900083669,-73.97524099996902,2
1202,40.68095100077339,-73.97544800027202,2
1203,40.66883800128309,-73.93423899960264,2
1204,40.669102000538764,-73.93421299970717,2
1205,40.65617100046502,-73.95034600026702,2
1206,40.65064000068938,-73.9496770001429,2
1207,40.65071700131702,-73.94974100022326,2
1208,40.65089400058906,-73.9498189998649,2
1209,40.65096900116134,-73.94971399947765,2
1210,40.64501600126061,-73.94921299950666,2
1211,40.639883000832654,-73.94870100017269,2
1212,40.63184500126443,-73.94766499945733,2
1213,40.63327000128969,-73.94792900031949,2
1214,40.633297000831114,-73.9478360004305,2
1215,40.82061400058818,-73.89151900041573,1
1216,40.81613700079582,-73.89613300047316,1
1217,40.816367001088565,-73.89592400025599,1
1218,40.811887001097396,-73.904145000311,1
1219,40.81202700134684,-73.90386900051296,1
1220,40.808030000732025,-73.90771999961844,1
1221,40.8083400011929,-73.90761799947106,1
1222,40.80517100105216,-73.9139330000075,1
1223,40.805047000647775,-73.91352400037191,1
1224,40.80746700051823,-73.91944800009813,1
1225,40.807355001073596,-73.91921899988068,1
1226,40.81083100045451,-73.92665499978928,1
1227,40.81071200082855,-73.92705000033529,1
1228,40.81063800107811,-73.92688300011714,1
1229,40.87950300105122,-73.88513800040542,1
1230,40.87934300106913,-73.88488000023561,1
1231,40.82768500112994,-73.92584200040825,3
1232,40.82775900107174,-73.92610000008818,3
1233,40.827942000456794,-73.92599999972832,3
1234,40.82785400132319,-73.92574500013875,3
1235,40.8182590009951,-73.92765900041687,3
1236,40.81837300132654,-73.92760900052086,3
1237,40.79840400125912,-73.94164699997212,1
1238,40.798742001285206,-73.9414060002924,1
1239,40.79468200104674,-73.94431900056149,1
1240,40.79481100120037,-73.94423500040841,1
1241,40.77966100064676,-73.9553019999494,3
1242,40.779577000782254,-73.95530400031528,3
1243,40.779284000590486,-73.95544299958826,3
1244,40.77933000071533,-73.95554499951028,3
1245,40.7735260006353,-73.95973399983355,1
1246,40.77363100096022,-73.95965899972842,1
1247,40.773493000685555,-73.95965900040957,1
1248,40.77360300115123,-73.95957799994027,1
1249,40.76266000061229,-73.96762499981706,6
1250,40.76241400093202,-73.968371000575,6
1251,40.7622660011145,-73.9684790005808,6
1252,40.762835000864754,-73.96755400043817,6
1253,40.76206900072239,-73.96801600001412,6
1254,40.75668600117071,-73.97250999977481,3
1255,40.75699900075318,-73.97180300055182,3
1256,40.757126000498246,-73.97172100033247,3
1257,40.75696400102354,-73.97171200028484,3
1258,40.75705900087207,-73.97157000031955,3
1259,40.75174100120391,-73.97769099950989,5
1260,40.751653000461964,-73.97775299946429,5
1261,40.75135200106425,-73.97639599941296,5
1262,40.7516470010816,-73.97738200038786,5
1263,40.74558500100978,-73.98219799966871,1
1264,40.74564100049616,-73.98210299965778,1
1265,40.74644700116069,-73.98214699998886,1
1266,40.746632001244755,-73.98188200020866,1
1267,40.74572300059532,-73.98253100051477,1
1268,40.745821000532125,-73.98257599995004,1
1269,40.74348400046042,-73.98427999965186,1
1270,40.74339400063181,-73.98440899974717,1
1271,40.74335100130441,-73.98430199990662,1
1272,40.74041900100624,-73.98645199968254,1
1273,40.739501001257324,-73.98713400015563,1
1274,40.740097000656675,-73.9866009998598,1
1275,40.740180000468335,-73.986617000562,1
1276,40.73967400068404,-73.9870400000941,1
1277,40.73947700045013,-73.98656199960939,1
1278,40.73518400101395,-73.98979299965407,7
1279,40.73449500052942,-73.99031099975376,7
1280,40.73444400121308,-73.99018400013593,7
1281,40.72996800057844,-73.99141000058913,1
1282,40.72595800077617,-73.99482899993009,5
1283,40.72604700121833,-73.99475899970194,5
1284,40.72246800103744,-73.99739699950852,1
1285,40.722390000708856,-73.99743700043341,1
1286,40.71830400070744,-74.0001379998269,6
1287,40.71835800056549,-74.00021600013719,6
1288,40.71383900108805,-74.00386400025366,5
1289,40.71389900123257,-74.00364200017525,5
1290,40.710166000507584,-74.00942399945866,8
1291,40.710165000686324,-74.0091820004986,8
1292,40.70843600062149,-74.01129800040033,2
1293,40.70731500049802,-74.01216100025319,2
1294,40.70742800113711,-74.0120670002674,2
1295,40.70757700080692,-74.01192700009697,2
1296,40.70767100100558,-74.01185400048746,2
1297,40.70482500104643,-74.01457200044764,2
1298,40.70479500097432,-74.01445399975543,2
1299,40.704157000512254,-74.01450900039929,2
1300,40.6924890010196,-73.99119299980289,5
1301,40.85804100123782,-73.86771799992901,2
1302,40.858029001261166,-73.86748100053643,2
1303,40.837241001230645,-73.8875599996495,2
1304,40.83730600079729,-73.88728699953579,2
1305,40.8300740012204,-73.89148600013908,2
1306,40.83017700062631,-73.89148200051581,2
1307,40.823884001338456,-73.89319699979643,2
1308,40.82411800130335,-73.89273100008232,2
1309,40.81936800111269,-73.9019659997349,2
1310,40.81956200063568,-73.90149799997626,2
1311,40.81968400048655,-73.90134800001505,2
1312,40.81597100062911,-73.91798299963307,2
1313,40.81588100116514,-73.9175219996443,2
1314,40.81603300072261,-73.91806399995069,2
1315,40.81585300110098,-73.91775899967917,2
1316,40.81389600073001,-73.94083099959454,2
1317,40.81418800085377,-73.94061799997505,2
1318,40.807548000480146,-73.94546299966714,2
1319,40.80787500093137,-73.945228999462,2
1320,40.80182200123424,-73.94965099957926,2
1321,40.80211100107465,-73.94943700001487,2
1322,40.79903300072079,-73.95205800023811,2
1323,40.74702500122365,-73.89141299998515,5
1324,40.74298700125322,-73.91793600043529,1
1325,40.743134000552736,-73.91789500035947,1
1326,40.74449400126545,-73.93089399960141,1
1327,40.74465800129618,-73.93086500002174,1
1328,40.74258800113779,-73.95425199947056,1
1329,40.74265400125796,-73.9542319994457,1
1330,40.742496000964564,-73.95248200013708,1
1331,40.74259300084098,-73.9528499998683,1
1332,40.750851000758196,-73.9750780002956,5
1333,40.756476000902964,-73.98631099958254,11
1334,40.7528300011463,-73.97891700040977,5
1335,40.75221800110309,-73.97839600008128,5
1336,40.75227900115704,-73.97828000036,5
1337,40.752717000936094,-73.97848700028274,5
1338,40.75218400065143,-73.9780479995566,5
1339,40.735311000881744,-73.99026500004705,7
1340,40.729778001280046,-73.99326199971199,2
1341,40.62036000068281,-73.99854999970876,1
1342,40.61401800111833,-74.00037799992451,1
1343,40.703454000791794,-73.9465360001842,2
1344,40.70332100121268,-73.9466129996701,2
1345,40.706073001088164,-73.93363299968442,1
1346,40.70722900118076,-73.92372499972215,1
1347,40.707071000780594,-73.92387699983635,1
1348,40.70324800061511,-73.91771999944864,1
1349,40.70335300110286,-73.91795699971256,1
1350,40.69518600072664,-73.90306500051776,1
1351,40.695201000959074,-73.90376400051396,1
1352,40.76290000114962,-73.98541200012495,2
1353,40.7579290004981,-73.98954699968785,11
1354,40.757463000984714,-73.98998399962618,11
1355,40.7404100005735,-74.00174999957133,4
1356,40.74059800103158,-74.00218499982167,4
1357,40.73977600046091,-74.00225599996726,4
1358,40.691559000473795,-73.98720800044205,4
1359,40.69170000093467,-73.9874610000183,4
1360,40.70863000079609,-74.00699900039699,8
1361,40.70920000094568,-74.00666400036947,8
1362,40.709046001177306,-74.00681400053982,8
1363,40.75417500097467,-73.9828709999326,5
1364,40.75421300104183,-73.98298399998997,5
1365,40.75284600072061,-73.97979799992392,5
1366,40.75308700109098,-73.97953699959879,5
1367,40.70131300066155,-74.01347900040479,2
1368,40.62988400115366,-73.96188199965685,2
1369,40.62037900056161,-73.99876399943231,1
1370,40.61405400128003,-74.0005849997251,1
1371,40.70059600065851,-73.82723900051478,2
1372,40.71420000056852,-74.00835700041317,5
1373,40.68331700094566,-73.9667409996886,1
1374,40.67801700045316,-73.91066100027744,2
1375,40.67814200121149,-73.9108749995004,2
1376,40.83291200110254,-73.9188220002794,2
1377,40.62426300097217,-73.97604899977784,1
1378,40.59505300079702,-73.97362300000135,1
1379,40.73041700087341,-73.86237300010245,2
1380,40.885226001157726,-73.90043899950633,1
1381,40.869729001081936,-73.91495400002059,1
1382,40.84071700117251,-73.93971999958484,3
1383,40.79958400083151,-73.96809100000151,1
1384,40.73784600105475,-73.99993000024548,6
1385,40.70819100117198,-74.0135820005788,1
1386,40.640743001030124,-73.94859699995564,2
1387,40.751721000589924,-73.97719700027268,5
1388,40.820161001075775,-73.93625300003816,1
1389,40.82060200123922,-73.93593300058303,1
1390,40.87933000123471,-73.8378579995729,1
1391,40.870039000806415,-73.84572400008211,1
1392,40.74235100054067,-73.95272299982574,1
1393,40.742432000681546,-73.95315599969791,1
1394,40.67220800055097,-73.83458899973229,1
1395,40.71949800081754,-74.00160600028069,6
1396,40.71921800074324,-74.00185000058052,6
1397,40.7191660010994,-74.00177400057154,6
1398,40.60831900122436,-73.95735199997993,2
1399,40.70802700118156,-74.00981399971742,2
1400,40.70691100067734,-74.01049400001321,2
1401,40.70711700107803,-74.01082099961708,2
1402,40.706887000503954,-74.01068700001736,2
1403,40.76871900078499,-73.98178799960083,5
1404,40.75129100128222,-73.99388700059174,3
1405,40.751432000538685,-73.99353799958011,3
1406,40.751677001041465,-73.99410699989198,3
1407,40.75156100116494,-73.99424299949561,3
1408,40.75153900049462,-73.99418100023364,3
1409,40.748950001145644,-73.98862300020284,7
1410,40.74874600089612,-73.98877399965104,7
1411,40.757475000640405,-73.96925500021416,3
1412,40.757718001111435,-73.96916100015109,3
1413,40.75768500056655,-73.96912500027557,3
1414,40.79307000107887,-73.97317399942827,3
1415,40.79292300067821,-73.9728239999685,3
1416,40.79320900058135,-73.97307400052732,3
1417,40.79306500077402,-73.97272200045094,3
1418,40.78902000087987,-73.97632999957456,1
1419,40.755747001338875,-73.98687500010413,11
1420,40.75524800118381,-73.98736200044934,11
1421,40.75533400046241,-73.98719999982498,11
1422,40.7497900008854,-73.99172100054427,3
1423,40.75081000090775,-73.99048100025472,3
1424,40.75102000101607,-73.99032299994965,3
1425,40.747036001241725,-73.99313799966046,1
1426,40.74721600063904,-73.9931210005819,1
1427,40.75180100079736,-73.97529399972599,5
1428,40.75134500116441,-73.97540899973602,5
1429,40.75170100129494,-73.97608700001928,5
1430,40.88798000090471,-73.83119500057741,1
1431,40.87951900113377,-73.83795799940899,1
1432,40.87011700049922,-73.84586900015995,1
1433,40.85880400108614,-73.8555149994399,1
1434,40.85454400085474,-73.86024800048996,1
1435,40.759908000810555,-73.8290190005471,1
1436,40.760004001212614,-73.82862999954394,1
1437,40.760048000473724,-73.82844399966284,1
1438,40.759895001060045,-73.82857299976665,1
1439,40.75994600046212,-73.8284140003703,1
1440,40.827605000467564,-73.92628199983095,3
1441,40.827529000802855,-73.92632200049441,3
1442,40.82746100112461,-73.9263620005114,3
1443,40.8273990008293,-73.92639400010133,3
1444,40.72498700056423,-73.99562799990419,5
1445,40.72501100081368,-73.99574499965485,5
1446,40.62430100117964,-73.97581699946915,1
1447,40.59502700116616,-73.97338200050298,1
1448,40.73003700097348,-73.86134300006405,2
1449,40.72957400103021,-73.8617509995367,2
1450,40.72884700050895,-73.85966799981139,2
1451,40.72977400130242,-73.86048900037642,2
1452,40.74598800104045,-73.89020800041368,5
1453,40.7463910009414,-73.89028499992489,5
1454,40.74652700121865,-73.89146100058072,5
1455,40.74686900062859,-73.94352199943981,1
1456,40.74624300097152,-73.94401100040953,1
1457,40.86459900114527,-73.91868099969975,1
1458,40.79461100095195,-73.97205300014681,3
1459,40.77843700056375,-73.98194699960632,3
1460,40.76765400066043,-73.9814229995005,5
1461,40.76764200069982,-73.98123500008997,5
1462,40.690433001317736,-73.98432300015153,2
1463,40.76298600117048,-73.96785000017343,6
1464,40.718589000947105,-74.00055200035612,6
1465,40.71850600111129,-74.00082599988181,6
1466,40.71863800092989,-74.00062299942005,6
1467,40.71094400128057,-74.00940299976662,8
1468,40.71102600098565,-74.00918999944606,8
1469,40.711112000487844,-74.00938200011501,8
1470,40.515531999384606,-74.24548477329256,1
1471,40.51967094525495,-74.22867964344078,1
1472,40.564656715424675,-74.12687588361699,1
1473,40.58406212025946,-74.10279235840939,1
1474,40.58865567185217,-74.09610963623241,1
1475,40.513215294424754,-74.25096683602015,1
1476,40.51951036179413,-74.22952189241796,1
1477,40.578924441807814,-74.10957556515682,1
1478,40.621833050481285,-74.07188129585448,1
1479,40.51960111111305,-74.22954798642681,1
1480,40.519765824109726,-74.2289119868199,1
1481,40.525104840989535,-74.20066738252672,1
1482,40.5443877860017,-74.16521432278012,1
1483,40.58852041744655,-74.09636903019901,1
1484,40.63763225681888,-74.07501783783364,1
1485,40.55159994386354,-74.1506400170505,1
1486,40.56533719814206,-74.12629558867036,1
1487,40.51211370971486,-74.25283251705811,1
1488,40.53320328444315,-74.19231297330337,1
1489,40.57395604592355,-74.1166282451574,1
1490,40.544208047400765,-74.16504799302683,1
1491,40.583997025606706,-74.10268690207698,1
1492,40.54055357419479,-74.17843705689545,1
1493,40.56516866018301,-74.12605866833626,1
1494,40.59610911554037,-74.08783392873926,1
1495,40.62159336210303,-74.07169159790614,1
1496,40.522489150368514,-74.21681223044313,1
1497,40.55599863939071,-74.13746844604631,1
1498,40.57905815038962,-74.10974678412433,1
1499,40.62776314225066,-74.0751405765791,1
1500,40.644263196449415,-74.0732699669269,1
1501,40.63053100057121,-73.97725100055358,1
1502,40.63056200134734,-73.97699500024218,1
1503,40.6261330011656,-73.97640699975946,1
1504,40.626163000484105,-73.97617700052636,1
1505,40.62079700079445,-73.97547900007112,1
1506,40.62082500127697,-73.9751380000047,1
1507,40.62116200076355,-73.9754670005149,1
1508,40.61427900134139,-73.97418000041884,1
1509,40.61430400097564,-73.97390999996266,1
1510,40.60861500088673,-73.97309700035845,1
1511,40.60904100128928,-73.97290400024863,1
1512,40.60400700101217,-73.97239299964582,1
1513,40.60399900068258,-73.97212400023237,1
1514,40.596701000906855,-73.97340200035026,1
1515,40.5968970010459,-73.97313700033328,1
1516,40.590521001068275,-73.97424200027461,1
1517,40.590266001080494,-73.97405099945587,1
1518,40.580576000602065,-73.97444300049777,1
1519,40.58054700121709,-73.97477800007285,1
1520,40.71258100132801,-73.78337700001022,1
1521,40.7128650012881,-73.78241799948115,1
1522,40.71320700095642,-73.7821190003803,1
1523,40.712723000617174,-73.78263700057583,1
1524,40.713113001004615,-73.78262399956131,1
1525,40.71272300128534,-73.78303499947673,1
1526,40.7751490010533,-73.91207399961878,2
1527,40.774810000552186,-73.91215099973299,2
1528,40.77502500066968,-73.91189099986349,2
1529,40.77493800104396,-73.91233700050012,2
1530,40.77031300078871,-73.9179779999838,2
1531,40.7701700012283,-73.91775500058009,2
1532,40.771009000694576,-73.91716699944462,2
1533,40.770870001233156,-73.91693499954675,2
1534,40.76678700127245,-73.9216289998266,2
1535,40.76670000114694,-73.92140599990329,2
1536,40.76705200124538,-73.92140900034578,2
1537,40.7669630011802,-73.92119200002551,2
1538,40.761880001325615,-73.925638000338,2
1539,40.761773001020096,-73.92539899957697,2
1540,40.76221700120829,-73.92534899996205,2
1541,40.756478000457506,-73.92999299993595,2
1542,40.75637900119417,-73.92976600045282,2
1543,40.756796001285345,-73.9297400004327,2
1544,40.7529010012616,-73.93290299961095,2
1545,40.75249100124089,-73.93293600037318,2
1546,40.765156001054784,-73.97250099999154,3
1547,40.764728000588875,-73.97239600019914,3
1548,40.764849001334085,-73.97230599959832,3
1549,40.76465700073319,-73.97222899974261,3
1550,40.76536500065751,-73.98034100034205,3
1551,40.76529800062274,-73.98003300040862,3
1552,40.765796000879185,-73.98001199999787,3
1553,40.765639000653024,-73.9797639994275,3
1554,40.76048600069948,-73.98397399979844,3
1555,40.760621000894254,-73.98390400042884,3
1556,40.74508900118218,-73.98847199991233,2
1557,40.74529900097453,-73.98857900028644,2
1558,40.74108000056887,-73.98908300015145,2
1559,40.741111001169074,-73.98891999991869,2
1560,40.741378000915994,-73.98889500018353,2
1561,40.74153900079397,-73.98898899946323,2
1562,40.73527800124147,-73.99105799990218,7
1563,40.73047700116726,-73.99228599990997,2
1564,40.73057800108469,-73.99221599960657,2
1565,40.72412400062425,-73.99768599990071,2
1566,40.72422000103313,-73.99763299996503,2
1567,40.713110000579775,-74.00704500048563,1
1568,40.71343700114648,-74.00675999983177,1
1569,40.71352100084663,-74.00669699992639,1
1570,40.7108710007428,-74.01076699941038,1
1571,40.71106500112042,-74.01064399955845,1
1572,40.70764700068577,-74.01292400015708,1
1573,40.707902000774375,-74.0127739999198,1
1574,40.70802800082143,-74.01269600045256,1
1575,40.7019380009871,-74.01258800017229,2
1576,40.70210800090186,-74.01264200049738,2
1577,40.70210800090186,-74.01264200049738,2
1578,40.69211400128754,-73.98610699952953,4
1579,40.69225800046344,-73.98611400056583,4
1580,40.69205200117165,-73.9861910001802,4
1581,40.692359001058456,-73.98618099989899,4
1582,40.689804000901425,-73.9811639997556,3
1583,40.68981000045694,-73.98165099956255,3
1584,40.68981700076792,-73.98108199984935,3
1585,40.68974000101399,-73.98115600040846,3
1586,40.68380500060232,-73.97848700016736,9
1587,40.683905000552265,-73.97887899960261,9
1588,40.68392800126307,-73.97841200047269,9
1589,40.67700100118253,-73.98313300043965,1
1590,40.677279001228015,-73.9833270002884,1
1591,40.677171000832296,-73.9830200001012,1
1592,40.67038700052428,-73.9884799997397,3
1593,40.665299000890286,-73.99272899977578,1
1594,40.66505800103236,-73.99300200017632,1
1595,40.66032300048571,-73.99795199980912,1
1596,40.654490000922785,-74.00449900014974,2
1597,40.6543650010918,-74.00411299954507,2
1598,40.65467600110202,-74.0043060003346,2
1599,40.64938900091242,-74.00933299995107,1
1600,40.64942400101552,-74.00972800017985,1
1601,40.649265001216975,-74.00945700056987,1
1602,40.64954600111841,-74.00960200017478,1
1603,40.644653000856444,-74.01468999984618,1
1604,40.6444930004837,-74.01441900047776,1
1605,40.64475600094253,-74.01458599983962,1
1606,40.644601000749645,-74.01430900035321,1
1607,40.64160600055081,-74.01789699963767,2
1608,40.64143500068463,-74.01756099997152,2
1609,40.641778000547916,-74.01772199972568,2
1610,40.64163300086479,-74.01736199985001,2
1611,40.63482700079345,-74.02358000034117,1
1612,40.63476800112693,-74.02333899996488,1
1613,40.629550000582256,-74.02573100044545,1
1614,40.62950300062895,-74.02545200029057,1
1615,40.62265600085265,-74.02854699996139,1
1616,40.62258300082048,-74.02831499985322,1
1617,40.61602100052129,-74.03138299998342,1
1618,40.61589300069585,-74.03086000003829,1
1619,40.616189000853495,-74.03123400002205,1
1620,40.67736500045114,-73.97278800030738,2
1621,40.67732400102734,-73.97221200054895,2
1622,40.660792001233155,-73.96210899949436,3
1623,40.655221001333004,-73.9615160003233,2
1624,40.649427000866446,-73.96335599966405,2
1625,40.64427200051649,-73.96452800050331,2
1626,40.64131400080974,-73.963996000086,2
1627,40.63503400094897,-73.96273599956011,2
1628,40.62993000068988,-73.9614770005111,2
1629,40.71534900102676,-74.00921100003916,3
1630,40.7157360012001,-74.00932799950978,3
1631,40.71557600060829,-74.00903099959034,3
1632,40.715539001115594,-74.00942699950392,3
1633,40.70810700046574,-74.01344499999414,1
1634,40.71271200056576,-74.00776600032303,6
1635,40.709475000866654,-74.00640900011349,8
1636,40.70650600095881,-74.00954399969812,2
1637,40.706392000998285,-74.00933200041027,2
1638,40.69759000091109,-73.99327499977788,2
1639,40.69764900052379,-73.9930600002664,2
1640,40.80459700119179,-73.9373999998348,3
1641,40.80451700064144,-73.93718599957134,3
1642,40.79846600051515,-73.94188200046364,1
1643,40.79885200120201,-73.94159999985692,1
1644,40.79480400107072,-73.94461299949657,1
1645,40.794927001014045,-73.94450199960725,1
1646,40.79027900094788,-73.94785599953543,1
1647,40.79019300114377,-73.94764899946726,1
1648,40.78584300090977,-73.95123199959222,1
1649,40.78564000057922,-73.95092999958521,1
1650,40.786055001080214,-73.95105699945586,1
1651,40.78590300065025,-73.95069500024302,1
1652,40.77946800051051,-73.95590500025193,3
1653,40.779718001333,-73.95571900005875,3
1654,40.7794270011769,-73.95581000007331,3
1655,40.779720000844165,-73.95559599941531,3
1656,40.773669001257126,-73.96013499974308,1
1657,40.77377900066213,-73.95995399964029,1
1658,40.773779001148974,-73.9600409996538,1
1659,40.77363600066859,-73.96005999995988,1
1660,40.76787000072842,-73.96424399977403,1
1661,40.7678170008583,-73.964355000255,1
1662,40.767703000817384,-73.96397899971903,1
1663,40.76798100062459,-73.96417799970594,1
1664,40.767863001276815,-73.96389800053795,1
1665,40.762836001197265,-73.96804000053221,6
1666,40.7571230010928,-73.97211700034643,3
1667,40.75729300076445,-73.97210800005568,3
1668,40.75715700074672,-73.97219600045186,3
1669,40.757298000749,-73.97193900057054,3
1670,40.746263001181106,-73.98166300016163,1
1671,40.746242001228545,-73.98159999972243,1
1672,40.746550000632695,-73.98153299961754,1
1673,40.74312800045459,-73.98380600038132,1
1674,40.74316700051851,-73.98389599969117,1
1675,40.74330400087257,-73.98385700041692,1
1676,40.74325700108745,-73.9837379999964,1
1677,40.74000800064548,-73.98623299987601,1
1678,40.739984000815724,-73.9863429999292,1
1679,40.74018000078745,-73.98600600015065,1
1680,40.734406001218495,-73.98943699976319,7
1681,40.73418000104682,-73.98954900045568,7
1682,40.73422200120936,-73.98967399981534,7
1683,40.73008400051487,-73.99083799953175,1
1684,40.72572600104653,-73.99457900003483,5
1685,40.72575500076843,-73.99436700046498,5
1686,40.72584500073358,-73.99431999974959,5
1687,40.725137000715904,-73.99493799970026,5
1688,40.72488800061074,-73.99529099983509,5
1689,40.722116000621554,-73.99691199969699,1
1690,40.722235001287345,-73.9968180000385,1
1691,40.7181550010795,-74.00031700033907,6
1692,40.718197000645766,-74.00038799991064,6
1693,40.71286800095421,-74.0048059994998,5
1694,40.712723000937,-74.00497100000399,5
1695,40.57328914366421,-74.11763619639254,1
1696,40.5176146540206,-74.23890290828915,1
1697,40.58861564547134,-74.09664097422308,1
1698,40.712333000917724,-74.00438699982581,5
1699,40.71185700059964,-74.00511399994345,5
1700,40.711824001201556,-74.00505700003201,5
1701,40.71372100068524,-74.00373399975909,5
1702,40.71372100068524,-74.00373399975909,5
1703,40.707190000631044,-74.01199700022799,2
1704,40.707446000792224,-74.0118479999475,2
1705,40.707577001137054,-74.01173100043773,2
1706,40.70465900129692,-74.01392000044858,2
1707,40.70462900101722,-74.0135019997382,2
1708,40.69234000059092,-73.99056000023332,5
1709,40.69229900121176,-73.99030100021751,5
1710,40.69254800105783,-73.99009899963077,5
1711,40.69258800104102,-73.99057199946431,5
1712,40.90359700114984,-73.85035999962203,2
1713,40.90328300126994,-73.85032099975952,2
1714,40.903509000471736,-73.85012399967859,2
1715,40.89862000116513,-73.85431600036094,2
1716,40.89832300117808,-73.85428799965355,2
1717,40.89321500088207,-73.85734399993271,2
1718,40.89359700110116,-73.8574050005875,2
1719,40.887709001050325,-73.86066599999701,2
1720,40.88766000121372,-73.86044400033566,2
1721,40.88797200093579,-73.86051700012574,2
1722,40.88372300083969,-73.86286999986942,2
1723,40.8834390009521,-73.86274299959175,2
1724,40.877779000721816,-73.86618500054922,2
1725,40.877839000805025,-73.86642099965749,2
1726,40.87163100108089,-73.86728299943849,2
1727,40.871215001320245,-73.8670430001971,2
1728,40.86560500053447,-73.86747600006369,2
1729,40.865257001024645,-73.86724599997801,2
1730,40.85633800085418,-73.86754399949008,2
1731,40.85640300119854,-73.86777099981867,2
1732,40.85633700101504,-73.86752100020942,2
1733,40.848762000736905,-73.8683819995055,2
1879,40.710201001155795,-74.01119799948543,1
1880,40.710435000868294,-74.01106599953029,1
1881,40.706345001186,-74.01400000005114,1
1882,40.70749500060612,-74.01327299972495,1
1883,40.707659000488526,-74.01316600048943,1
1884,40.70795000120497,-74.01296299966214,1
1885,40.7080830008115,-74.01286299963117,1
1886,40.70722500092085,-74.01345400012445,1
1887,40.70401500084531,-74.01328400009587,2
1888,40.70411400129945,-74.01299999949862,2
1889,40.70409600082697,-74.01329299977064,2
1890,40.69441600067524,-73.99261899957334,5
1891,40.6942320008326,-73.99263500026957,5
1892,40.69447500119965,-73.99282999990511,5
1893,40.69198000046005,-73.98519000038401,4
1894,40.69231500068384,-73.98517199993877,4
1895,40.692031001098265,-73.98539499945925,4
1896,40.691540001343185,-73.98256499971987,3
1897,40.6915620006359,-73.982047999567,3
1898,40.677135001083954,-73.98341600024706,1
1899,40.67053800048226,-73.98877799957494,3
1900,40.665269001041345,-73.99324500012224,1
1901,40.66048900074354,-73.99822000013337,1
1902,40.645619001205716,-74.0136880005718,1
1903,40.64068200077466,-74.0188569996071,2
1904,40.640501000926776,-74.01853100044588,2
1905,40.635468000561325,-74.02331300040471,1
1906,40.63022100133029,-74.02545899958021,1
1907,40.623498000768514,-74.02820400001742,1
1908,40.61758700079881,-74.03069600032515,1
1909,40.61736300092334,-74.03040399983263,1
1910,40.685222000693486,-73.97762799951134,9
1911,40.66248200056841,-73.96228500005921,3
1912,40.66272700123425,-73.96224900053312,3
1913,40.65425100055826,-73.9619090002616,2
1914,40.65148200114417,-73.96273199967621,2
1915,40.62513000114421,-73.960791999871,2
1916,40.61792800062519,-73.95945400016015,2
1921,40.768993190994856,-73.95856693389354,1
1922,40.768694075225895,-73.95828742694161,1
1923,40.76704011861197,-73.95947434183111,1
1924,40.766883773843524,-73.95959172742543,1
1925,40.77781827125065,-73.9513360610413,1
1926,40.77786374299723,-73.95145983988807,1
1927,40.77774066254923,-73.95162525452048,1
1928,40.77618770946792,-73.95281423699555,1
1929,40.784098884955554,-73.94747299691045,1
1930,40.783916088309326,-73.94761889814153,1
1931,40.78292438898596,-73.94772938539093,1
1932,40.78296690878563,-73.94823792460468,1
